,player,name,element_type,now_cost,adj_avg_points,adj_points_per_game_played
0,Aaron_Connolly,Brighton,4,55,4.880000000000001,10.880000000000003
1,Aaron_Cresswell,West Ham,2,55,20.01157894736842,20.880000000000003
2,Aaron_Ramsey,Aston Villa,3,45,-0.119999999999999,-0.119999999999999
3,Aaron_Wan-Bissaka,Man Utd,2,55,18.82736842105263,20.880000000000003
4,Abdoulaye_Doucouré,Everton,3,55,10.986315789473684,14.46
5,Adam_Armstrong,Southampton,4,60,-1.8599999999999988,-1.8599999999999988
6,Adam_Idah,Norwich,4,50,-3.0199999999999987,-3.0199999999999987
7,Adam_Lallana,Brighton,3,55,7.511578947368422,9.379999999999999
8,Adam_Masina,Watford,2,45,0.4600000000000011,0.4600000000000011
9,Adam_Webster,Brighton,2,45,11.06421052631579,14.379999999999999
10,Adama_Traoré,Wolves,3,60,12.248421052631581,12.380000000000003
11,Adedapo_Awokoya-Mebude,Watford,4,45,0.4600000000000011,0.4600000000000011
12,Adrián_San Miguel del Castillo,Liverpool,1,45,1.9073684210526327,18.96
13,Ainsley_Maitland-Niles,Arsenal,3,55,8.247368421052633,12.3
14,Albert_Sambi Lokonga,Arsenal,3,50,-0.6999999999999991,-0.6999999999999991
15,Alex Nicolao_Telles,Man Utd,2,50,3.169473684210528,13.88
16,Alex_Iwobi,Everton,3,60,9.012631578947369,11.460000000000003
17,Alex_McCarthy,Southampton,1,45,10.508421052631581,13.640000000000002
18,Alex_Oxlade-Chamberlain,Liverpool,3,60,3.2231578947368433,8.46
19,Alexandre_Lacazette,Arsenal,4,85,16.273684210526316,20.300000000000004
20,Alexis_Mac Allister,Brighton,3,55,6.195789473684211,11.38
21,Alireza_Jahanbakhsh,Brighton,3,55,3.037894736842106,5.380000000000001
22,Alisson_Ramses Becker,Liverpool,1,60,18.88105263157895,21.46
23,Allan_Marques Loureiro,Everton,3,45,6.644210526315792,10.46
24,Allan_Saint-Maximin,Newcastle,4,65,10.484210526315792,16.3
25,Alphonse_Areola,West Ham,1,50,16.19578947368421,16.88
26,Andre_Gray,Watford,4,55,0.4600000000000011,0.4600000000000011
27,Andreas_Christensen,Chelsea,2,50,6.746315789473686,16.72
28,Andreas_Pereira,Man Utd,3,50,-0.11999999999999877,-0.11999999999999877
29,Andreas_Söndergaard,Wolves,1,40,-0.11999999999999877,-0.11999999999999877
30,Andrew_Omobamidele,Norwich,2,40,-3.0199999999999987,-3.0199999999999987
31,Andrew_Robertson,Liverpool,2,70,21.64421052631579,21.46
32,Andriy_Yarmolenko,West Ham,3,55,2.1168421052631587,5.380000000000001
33,Andros_Townsend,Everton,3,55,12.828421052631581,14.46
34,André Filipe_Tavares Gomes,Everton,3,50,6.7757894736842115,8.96
35,Angelo_Ogbonna,West Ham,2,50,13.037894736842109,17.88
36,Angus_Gunn,Norwich,1,40,-3.0199999999999987,-3.0199999999999987
37,Anthony_Elanga,Man Utd,3,50,1.3273684210526329,27.380000000000003
38,Anthony_Gordon,Everton,3,45,0.8547368421052646,5.460000000000002
39,Anthony_Martial,Man Utd,4,80,9.74842105263158,16.88
40,Antonio_Rüdiger,Chelsea,2,55,10.956842105263156,23.220000000000002
41,Anwar_El Ghazi,Aston Villa,3,60,14.485263157894739,19.880000000000003
42,Armando_Broja,Southampton,4,50,-1.8599999999999988,-1.8599999999999988
43,Arthur_Masuaku,West Ham,2,45,5.406315789473686,17.380000000000003
44,Ashley_Barnes,Burnley,4,55,6.142105263157895,11.299999999999999
45,Ashley_Fletcher,Watford,4,50,0.4600000000000011,0.4600000000000011
46,Ashley_Westwood,Burnley,3,55,14.036842105263156,13.799999999999999
47,Ashley_Young,Aston Villa,2,50,-0.119999999999999,-0.119999999999999
48,Asmir_Begović,Everton,1,40,0.4600000000000013,0.4600000000000013
49,Axel_Tuanzebe,Aston Villa,2,45,0.8010526315789482,3.880000000000001
50,Aymeric_Laporte,Man City,2,55,7.511578947368422,17.880000000000003
51,Ayotomiwa_Dele-Bashiru,Watford,3,45,0.4600000000000011,0.4600000000000011
52,Ayoze_Pérez,Leicester,3,60,6.931578947368422,10.8
53,Bailey_Peacock-Farrell,Burnley,1,45,-0.30526315789473546,3.3000000000000016
54,Bali_Mumba,Norwich,2,40,-3.0199999999999987,-3.0199999999999987
55,Bamidele_Alli,Spurs,3,65,3.2473684210526326,9.3
56,Ben_Davies,Liverpool,2,40,0.4600000000000011,0.4600000000000011
57,Ben_Davies,Spurs,2,45,6.142105263157895,12.300000000000002
58,Ben_Foster,Watford,1,40,0.4600000000000011,0.4600000000000011
59,Ben_Gibson,Norwich,2,45,-3.0199999999999987,-3.0199999999999987
60,Ben_Godfrey,Everton,2,50,13.617894736842107,16.46
61,Ben_Johnson,West Ham,2,40,3.1694736842105273,8.88
62,Ben_Mee,Burnley,2,50,12.72105263157895,16.3
63,Ben_White,Arsenal,2,45,12.984210526315792,13.799999999999999
64,Ben_Wilmot,Watford,2,45,0.4600000000000011,0.4600000000000011
65,Benjamin_Chilwell,Chelsea,2,60,17.009473684210526,24.22
66,Benjamin_Mendy,Man City,2,55,8.169473684210528,23.880000000000003
67,Bernard_Anício Caldeira Duarte,Everton,3,55,3.2231578947368438,9.46
68,Bernardo Mota_Veiga de Carvalho e Silva,Man City,3,70,12.248421052631581,17.880000000000003
69,Bernardo_Fernandes Da Silva Junior,Brighton,2,40,-0.119999999999999,-0.119999999999999
70,Bernd_Leno,Arsenal,1,50,16.536842105263155,17.800000000000004
71,Bertrand_Traoré,Aston Villa,3,60,17.643157894736845,18.880000000000003
72,Billy_Gilmour,Norwich,3,45,-1.9673684210526305,4.980000000000001
73,Björn_Engels,Aston Villa,2,45,-0.119999999999999,-0.119999999999999
74,Boubakary_Soumaré,Leicester,3,50,-0.6999999999999988,-0.6999999999999988
75,Brandon_Williams,Man Utd,2,40,0.5378947368421063,5.880000000000001
76,Bruno Miguel_Borges Fernandes,Man Utd,3,120,31.985263157894742,32.88
77,Bryan_Gil Salvatierra,Spurs,3,60,-0.6999999999999988,-0.6999999999999988
78,Bryan_Mbeumo,Brentford,3,55,0.4600000000000013,0.4600000000000013
79,Bukayo_Saka,Arsenal,3,65,14.3,17.3
80,Callum_Hudson-Odoi,Chelsea,3,55,6.483157894736842,11.72
81,Callum_Wilson,Newcastle,4,75,16.931578947368422,25.300000000000004
82,Calum_Chambers,Arsenal,2,45,4.036842105263158,17.3
83,Caoimhin_Kelleher,Liverpool,1,45,1.7757894736842113,25.46
84,Charlie_Goode,Brentford,2,40,0.4600000000000013,0.4600000000000013
85,Charlie_Taylor,Burnley,2,45,10.22105263157895,13.799999999999999
86,Che_Adams,Southampton,4,70,16.166315789473686,17.14
87,Cheikhou_Kouyaté,Crystal Palace,2,45,8.929473684210528,9.64
88,Chris_Wood,Burnley,4,70,17.457894736842107,20.300000000000004
89,Christian_Benteke,Crystal Palace,4,65,12.087368421052632,15.64
90,Christian_Kabasele,Watford,2,45,0.4600000000000011,0.4600000000000011
91,Christian_Nørgaard,Brentford,3,50,0.4600000000000013,0.4600000000000013
92,Christian_Pulisic,Chelsea,3,80,9.509473684210528,13.720000000000002
93,Christoph_Zimmermann,Norwich,2,45,-3.0199999999999987,-3.0199999999999987
94,Ciaran_Clark,Newcastle,2,45,5.35263157894737,9.800000000000002
95,Cole_Palmer,Man City,3,45,-0.11999999999999877,-0.11999999999999877
96,Conor_Coady,Wolves,2,45,13.827368421052629,14.38
97,Conor_Coventry,West Ham,3,45,-0.119999999999999,-0.119999999999999
98,Conor_Gallagher,Crystal Palace,3,55,7.482105263157895,10.139999999999999
99,Conor_Hourihane,Aston Villa,3,50,-0.119999999999999,-0.119999999999999
100,Craig_Cathcart,Watford,2,45,0.4600000000000011,0.4600000000000011
101,Craig_Dawson,West Ham,2,50,9.74842105263158,16.88
102,Cristian_Romero,Spurs,2,50,-0.6999999999999988,-0.6999999999999988
103,Curtis_Jones,Liverpool,3,50,7.038947368421054,10.96
104,Cédric_Soares,Arsenal,2,45,2.98421052631579,13.3
105,César_Azpilicueta,Chelsea,2,60,13.588421052631581,20.22
106,Dale_Stephens,Burnley,3,45,0.35263157894736974,4.800000000000002
107,Dan_Burn,Brighton,2,45,8.301052631578948,11.879999999999999
108,Dan_Gosling,Watford,3,50,0.4600000000000011,0.4600000000000011
109,Dane_Scarlett,Spurs,4,45,-0.5684210526315779,4.300000000000002
110,Daniel_Amartey,Leicester,2,40,1.8000000000000012,7.800000000000001
111,Daniel_Bachmann,Watford,1,45,0.4600000000000011,0.4600000000000011
112,Daniel_Castelo Podence,Wolves,3,55,9.74842105263158,15.379999999999999
113,Daniel_James,Man Utd,3,60,5.537894736842106,14.379999999999999
114,Daniel_N'Lundulu,Southampton,4,45,-0.1494736842105251,3.1400000000000015
115,Danny_Ings,Aston Villa,4,80,17.116842105263157,22.380000000000003
116,Danny_Rose,Watford,2,45,0.4600000000000011,0.4600000000000011
117,Danny_Ward,Leicester,1,40,-0.6999999999999988,-0.6999999999999988
118,Danny_Welbeck,Brighton,4,60,11.590526315789475,18.380000000000003
119,Darren_Randolph,West Ham,1,45,1.1957894736842112,16.380000000000003
120,David_Raya Martin,Brentford,1,45,0.4600000000000013,0.4600000000000013
121,David_de Gea,Man Utd,1,50,11.853684210526316,17.380000000000003
122,Davinson_Sánchez,Spurs,2,45,4.957894736842106,11.3
123,Davy_Pröpper,Brighton,3,45,1.0642105263157902,6.380000000000001
124,Dean_Henderson,Man Utd,1,50,5.669473684210528,16.88
125,Declan_Rice,West Ham,3,50,11.19578947368421,13.380000000000003
126,Demarai_Gray,Everton,3,55,0.5915789473684222,5.460000000000002
127,Dennis_Praet,Leicester,3,50,4.16842105263158,11.8
128,Diego_Llorente,Leeds,2,45,5.298947368421055,15.22
129,Dimitris_Giannoulis,Norwich,2,45,-3.0199999999999987,-3.0199999999999987
130,Diogo_Jota,Liverpool,3,75,11.77578947368421,22.96
131,Divock_Origi,Liverpool,4,50,1.7757894736842113,5.960000000000002
132,Domingos_Quina,Watford,3,45,0.4600000000000011,0.4600000000000011
133,Dominic_Calvert-Lewin,Everton,4,80,22.170526315789473,25.46
134,Dominic_Thompson,Brentford,2,45,0.4600000000000013,0.4600000000000013
135,Donny_van de Beek,Man Utd,3,60,4.090526315789475,8.38
136,Douglas Luiz_Soares de Paulo,Aston Villa,3,45,9.353684210526316,10.880000000000003
137,Dwight_Gayle,Newcastle,4,55,3.378947368421054,7.800000000000002
138,Dwight_McNeil,Burnley,3,60,14.168421052631581,14.800000000000002
139,Eberechi_Eze,Crystal Palace,3,60,14.587368421052632,16.64
140,Ederson_Santana de Moraes,Man City,1,60,20.93263157894737,21.880000000000003
141,Edinson_Cavani,Man Utd,4,85,12.906315789473684,18.880000000000003
142,Edouard_Mendy,Chelsea,1,60,17.141052631578948,21.220000000000002
143,Edward_Nketiah,Arsenal,4,55,4.036842105263158,9.8
144,Ellery_Balcombe,Brentford,1,40,0.4600000000000013,0.4600000000000013
145,Emil_Krafth,Newcastle,2,45,5.2210526315789485,13.3
146,Emile_Smith Rowe,Arsenal,3,55,9.036842105263158,17.800000000000004
147,Emiliano_Buendía Stati,Aston Villa,3,65,-0.119999999999999,-0.119999999999999
148,Emiliano_Martínez,Aston Villa,1,55,24.35368421052631,24.380000000000003
149,Emmanuel_Dennis,Watford,4,50,0.4600000000000011,0.4600000000000011
150,Enock_Mwepu,Brighton,3,60,-0.119999999999999,-0.119999999999999
151,Eric_Bailly,Man Utd,2,50,3.958947368421054,12.88
152,Eric_Dier,Spurs,2,45,9.431578947368422,13.3
153,Erik_Lamela,Spurs,3,60,2.9842105263157905,5.300000000000001
154,Erik_Pieters,Burnley,2,45,5.878947368421055,11.8
155,Ethan_Ampadu,Chelsea,2,45,4.509473684210528,7.720000000000001
156,Ethan_Pinnock,Brentford,2,45,0.4600000000000013,0.4600000000000013
157,Ezri_Konsa Ngoyo,Aston Villa,2,50,15.537894736842109,16.380000000000003
158,Fabian_Delph,Everton,3,45,1.5126315789473697,5.460000000000002
159,Fabian_Schär,Newcastle,2,45,3.2473684210526335,7.800000000000002
160,Fabio Henrique_Tavares,Liverpool,3,55,9.802105263157895,12.459999999999999
161,Fabio_Silva,Wolves,4,60,9.353684210526318,10.880000000000003
162,Federico_Fernández,Newcastle,2,45,6.273684210526316,10.300000000000002
163,Fernando_Luiz Rosa,Man City,3,50,8.432631578947369,15.380000000000003
164,Fernando_Marçal,Wolves,2,45,2.3800000000000012,7.380000000000002
165,Ferran_Torres,Man City,3,70,12.380000000000003,19.880000000000003
166,Florin_Andone,Brighton,4,50,-0.119999999999999,-0.119999999999999
167,Francisco_Casilla Cortés,Leeds,1,45,0.5621052631578958,22.220000000000002
168,Francisco_Femenía Far,Watford,2,45,0.4600000000000011,0.4600000000000011
169,Francisco_Machado Mota de Castro Trincão,Wolves,3,60,-0.11999999999999877,-0.11999999999999877
170,Francisco_Sierralta,Watford,2,45,0.4600000000000011,0.4600000000000011
171,Frank_Onyeka,Brentford,3,50,0.4600000000000013,0.4600000000000013
172,Fraser_Forster,Southampton,1,45,2.0873684210526333,17.14
173,Freddie_Woodman,Newcastle,1,45,-0.6999999999999986,-0.6999999999999986
174,Frederico_Rodrigues de Paula Santos,Man Utd,3,50,8.958947368421054,11.38
175,Frederik_Alves,West Ham,2,40,-0.119999999999999,-0.119999999999999
176,Frédéric_Guilbert,Aston Villa,2,45,-0.119999999999999,-0.119999999999999
177,Gabriel Fernando_de Jesus,Man City,4,85,15.011578947368422,19.880000000000003
178,Gabriel Teodoro_Martinelli Silva,Arsenal,3,55,4.036842105263158,12.3
179,Gabriel_Magalhães,Arsenal,2,50,9.563157894736843,16.299999999999997
180,Giovani_Lo Celso,Spurs,3,60,3.9052631578947374,8.8
181,Granit_Xhaka,Arsenal,3,50,8.510526315789475,10.8
182,Grant_Hanley,Norwich,2,45,-3.0199999999999987,-3.0199999999999987
183,Gylfi_Sigurdsson,Everton,3,70,16.51263157894737,17.46
184,Hakim_Ziyech,Chelsea,3,75,7.930526315789475,13.720000000000002
185,Halil_Dervişoğlu,Brentford,4,55,0.4600000000000013,0.4600000000000013
186,Hamza_Choudhury,Leicester,3,45,1.142105263157896,6.300000000000001
187,Harry_Kane,Spurs,4,125,31.142105263157898,33.800000000000004
188,Harry_Maguire,Man Utd,2,55,16.19578947368421,17.88
189,Harry_Winks,Spurs,3,45,1.8000000000000012,5.800000000000001
190,Harvey_Barnes,Leicester,3,70,15.878947368421056,24.3
191,Harvey_Elliott,Liverpool,3,55,0.4600000000000011,0.4600000000000011
192,Heung-Min_Son,Spurs,3,100,29.300000000000004,30.3
193,Hugo_Lloris,Spurs,1,55,18.905263157894737,18.8
194,Héctor Junior_Firpo Adames,Leeds,2,50,-1.279999999999999,-1.279999999999999
195,Héctor_Bellerín,Arsenal,2,50,11.668421052631581,18.3
196,Hélder Wander_Sousa de Azevedo e Costa,Leeds,3,55,7.009473684210528,13.22
197,Ian Carlo_Poveda-Ocampo,Leeds,3,45,0.5621052631578958,3.7200000000000015
198,Ibrahima_Diallo,Southampton,3,45,2.2189473684210537,5.140000000000001
199,Ibrahima_Konaté,Liverpool,2,55,0.4600000000000011,0.4600000000000011
200,Ilkay_Gündogan,Man City,3,75,20.53789473684211,27.88
201,Illan_Meslier,Leeds,1,50,18.98315789473684,20.720000000000002
202,Imrân_Louza,Watford,3,55,0.4600000000000011,0.4600000000000011
203,Isaac_Hayden,Newcastle,3,45,4.563157894736843,7.800000000000002
204,Isaac_Success Ajayi,Watford,4,50,0.4600000000000011,0.4600000000000011
205,Ismaila_Sarr,Watford,3,60,0.4600000000000011,0.4600000000000011
206,Issa_Diop,West Ham,2,45,5.406315789473686,11.38
207,Ivan_Toney,Brentford,4,65,0.4600000000000013,0.4600000000000013
208,Jack_Butland,Crystal Palace,1,45,-1.596842105263157,8.14
209,Jack_Cork,Burnley,3,45,3.6421052631578963,9.800000000000002
210,Jack_Grealish,Man City,3,80,17.643157894736845,25.880000000000003
211,Jack_Harrison,Leeds,3,60,19.77263157894737,20.720000000000002
212,Jack_Stephens,Southampton,2,45,3.5347368421052643,9.64
213,Jacob_Murphy,Newcastle,3,50,8.378947368421056,12.800000000000002
214,Jacob_Ramsey,Aston Villa,3,45,3.56421052631579,6.380000000000001
215,Jacob_Sørensen,Norwich,2,45,-3.0199999999999987,-3.0199999999999987
216,Jaden_Philogene-Bidace,Aston Villa,3,50,0.0115789473684218,4.880000000000001
217,Jadon_Sancho,Man Utd,3,95,-0.11999999999999877,-0.11999999999999877
218,Jairo_Riedewald,Crystal Palace,3,50,6.561052631578948,7.640000000000001
219,Jakub_Moder,Brighton,3,45,2.6431578947368433,8.88
220,Jamaal_Lascelles,Newcastle,2,45,5.089473684210528,10.8
221,Jamal_Lewis,Newcastle,2,45,5.089473684210528,8.3
222,James_Justin,Leicester,2,50,12.589473684210528,21.300000000000004
223,James_Maddison,Leicester,3,70,16.8,20.8
224,James_McArthur,Crystal Palace,3,45,4.061052631578948,10.64
225,James_Milner,Liverpool,3,50,6.249473684210528,8.96
226,James_Rodríguez,Everton,3,70,13.749473684210528,22.460000000000004
227,James_Tarkowski,Burnley,2,50,13.642105263157895,14.3
228,James_Tomkins,Crystal Palace,2,45,0.50842105263158,9.140000000000002
229,James_Ward-Prowse,Southampton,3,65,18.666315789473686,18.64
230,Jamie_Shackleton,Leeds,3,45,0.956842105263159,5.2200000000000015
231,Jamie_Vardy,Leicester,4,105,23.90526315789474,26.8
232,Jan_Bednarek,Southampton,2,45,10.508421052631581,11.140000000000002
233,Jan_Zamburek,Brentford,3,45,0.4600000000000013,0.4600000000000013
234,Jannik_Vestergaard,Southampton,2,50,9.455789473684211,12.64
235,Japhet_Tanganga,Spurs,2,45,1.142105263157896,10.8
236,Jarosław_Jach,Crystal Palace,2,45,-1.8599999999999988,-1.8599999999999988
237,Jarrod_Bowen,West Ham,3,65,18.43263157894737,18.380000000000003
238,Jason_Steele,Brighton,1,40,-0.119999999999999,-0.119999999999999
239,Javier_Manquillo,Newcastle,2,40,2.984210526315791,10.300000000000002
240,Jay_Rodriguez,Burnley,4,55,6.405263157894739,7.800000000000002
241,Jean-Philippe_Gbamin,Everton,3,45,0.5915789473684222,5.460000000000002
242,Jean-Philippe_Mateta,Crystal Palace,4,55,0.11368421052631705,8.640000000000002
243,Jed_Steer,Aston Villa,1,40,-0.119999999999999,-0.119999999999999
244,Jeff_Hendrick,Newcastle,3,50,6.142105263157896,11.3
245,Jeffrey_Schlupp,Crystal Palace,3,55,6.692631578947369,10.139999999999999
246,Jeremy_Ngakia,Watford,2,45,0.4600000000000011,0.4600000000000011
247,Jesse_Lingard,Man Utd,3,70,13.82736842105263,32.88
248,Joachim_Andersen,Crystal Palace,2,45,10.376842105263156,13.14
249,Joe_Hart,Spurs,1,45,-0.6999999999999988,-0.6999999999999988
250,Joe_Rodon,Spurs,2,45,2.8526315789473697,10.300000000000002
251,Joel_Matip,Liverpool,2,50,5.986315789473686,21.46
252,Joel_Ward,Crystal Palace,2,45,6.824210526315792,10.64
253,Joelinton Cássio_Apolinário de Lira,Newcastle,4,60,9.03684210526316,11.3
254,Johann Berg_Gudmundsson,Burnley,3,55,5.878947368421055,10.8
255,John_McGinn,Aston Villa,3,60,14.880000000000003,15.380000000000003
256,John_Ruddy,Wolves,1,45,0.4063157894736854,9.880000000000003
257,John_Stones,Man City,2,55,16.722105263157896,28.880000000000003
258,Jonathan_Castro Otto,Wolves,2,45,1.985263157894738,11.38
259,Jonjo_Shelvey,Newcastle,3,55,9.03684210526316,11.8
260,Jonjoe_Kenny,Everton,2,45,1.1178947368421064,6.460000000000001
261,Jonny_Evans,Leicester,2,55,13.642105263157895,18.8
262,Jordan_Ayew,Crystal Palace,4,60,7.350526315789475,8.640000000000002
263,Jordan_Henderson,Liverpool,3,50,7.82842105263158,13.960000000000003
264,Jordan_Hugill,Norwich,4,55,-3.0199999999999987,-3.0199999999999987
265,Jordan_Pickford,Everton,1,50,15.46,18.96
266,Jorge Luiz_Frello Filho,Chelsea,3,60,13.720000000000002,19.22
267,Joseph_Gomez,Liverpool,2,50,1.7757894736842113,7.460000000000001
268,Joseph_Hungbo,Watford,3,45,0.4600000000000011,0.4600000000000011
269,Joseph_Willock,Arsenal,3,60,9.694736842105264,18.3
270,Josh_Benson,Burnley,3,45,0.6157894736842118,7.800000000000002
271,Josh_Brownhill,Burnley,3,45,9.03684210526316,10.300000000000002
272,Josh_Martin,Norwich,3,50,-3.0199999999999987,-3.0199999999999987
273,Joshua_King,Watford,4,55,1.9073684210526327,5.460000000000002
274,Joshua_Sargent,Norwich,4,55,-3.0199999999999987,-3.0199999999999987
275,José Diogo_Dalot Teixeira,Man Utd,2,45,-0.11999999999999877,-0.11999999999999877
276,José_Malheiro de Sá,Wolves,1,50,-0.11999999999999877,-0.11999999999999877
277,João Filipe Iria_Santos Moutinho,Wolves,3,50,9.485263157894737,10.880000000000003
278,João Pedro Cavaco_Cancelo,Man City,2,60,18.03789473684211,24.380000000000003
279,João Pedro_Junqueira de Jesus,Watford,4,55,0.4600000000000011,0.4600000000000011
280,João_Virgínia,Everton,1,40,0.7231578947368433,10.46
281,Joël_Veltman,Brighton,2,45,12.511578947368422,16.88
282,Juan Camilo_Hernández Suárez,Watford,4,50,0.4600000000000011,0.4600000000000011
283,Juan_Mata,Man Utd,3,50,4.090526315789475,17.88
284,Juraj_Kucka,Watford,3,55,0.4600000000000011,0.4600000000000011
285,Kai_Havertz,Chelsea,3,85,10.693684210526316,15.719999999999999
286,Kalvin_Phillips,Leeds,3,50,7.535789473684211,10.22
287,Karl_Darlow,Newcastle,1,45,9.826315789473686,15.300000000000002
288,Kasper_Schmeichel,Leicester,1,50,16.142105263157895,16.3
289,Keinan_Davis,Aston Villa,4,45,2.9063157894736853,7.380000000000001
290,Kelechi_Iheanacho,Leicester,4,75,13.773684210526316,21.300000000000004
291,Ken_Sema,Watford,3,55,0.4600000000000011,0.4600000000000011
292,Kenny_McLean,Norwich,3,50,-3.0199999999999987,-3.0199999999999987
293,Kepa_Arrizabalaga,Chelsea,1,50,2.1410526315789484,17.220000000000002
294,Kevin_De Bruyne,Man City,3,120,18.43263157894737,27.88
295,Kevin_Long,Burnley,2,40,1.142105263157896,8.3
296,Ki-Jana_Hoever,Wolves,2,40,1.590526315789475,5.380000000000002
297,Kieran_Dowell,Norwich,3,55,-3.0199999999999987,-3.0199999999999987
298,Kieran_Tierney,Arsenal,2,50,11.931578947368422,17.3
299,Kiernan_Dewsbury-Hall,Leicester,3,45,-0.6999999999999988,-0.6999999999999988
300,Kjell_Scherpen,Brighton,1,45,-0.119999999999999,-0.119999999999999
301,Konstantinos_Mavropanos,Arsenal,2,45,-0.6999999999999991,-0.6999999999999991
302,Konstantinos_Tsimikas,Liverpool,2,40,0.7231578947368431,5.460000000000002
303,Kortney_Hause,Aston Villa,2,45,4.090526315789474,22.88
304,Kristoffer_Ajer,Brentford,2,45,0.4600000000000013,0.4600000000000013
305,Kristoffer_Klaesson,Leeds,1,45,-1.279999999999999,-1.279999999999999
306,Kurt_Zouma,Chelsea,2,55,12.930526315789475,21.220000000000002
307,Kwadwo_Baah,Watford,3,45,0.4600000000000011,0.4600000000000011
308,Kyle_Walker,Man City,2,55,11.853684210526316,18.880000000000003
309,Kyle_Walker-Peters,Southampton,2,50,10.376842105263158,13.640000000000002
310,Leander_Dendoncker,Wolves,3,50,10.011578947368422,11.38
311,Leandro_Trossard,Brighton,3,65,17.24842105263158,18.880000000000003
312,Leon_Bailey,Aston Villa,3,65,-0.119999999999999,-0.119999999999999
313,Lewis_Dunk,Brighton,2,50,16.985263157894735,19.38
314,Liam_Cooper,Leeds,2,45,6.483157894736843,10.72
315,Lucas_Digne,Everton,2,55,16.24947368421053,20.46
316,Lucas_Rodrigues Moura da Silva,Spurs,3,65,9.826315789473686,12.800000000000002
317,Lucas_Torreira,Arsenal,3,45,-0.6999999999999991,-0.6999999999999991
318,Luka_Milivojevic,Crystal Palace,3,55,6.429473684210528,8.14
319,Lukas_Rupp,Norwich,3,45,-3.0199999999999987,-3.0199999999999987
320,Lukasz_Fabianski,West Ham,1,50,17.380000000000003,18.880000000000003
321,Luke_Ayling,Leeds,2,45,11.877894736842109,11.720000000000002
322,Luke_Shaw,Man Utd,2,55,16.19578947368421,19.38
323,Luke_Thomas,Leicester,2,45,2.7210526315789485,8.799999999999999
324,Mads_Bech Sørensen,Brentford,2,45,0.4600000000000013,0.4600000000000013
325,Mads_Bidstrup,Brentford,3,45,0.4600000000000013,0.4600000000000013
326,Mads_Roerslev Rasmussen,Brentford,2,45,0.4600000000000013,0.4600000000000013
327,Mahmoud Ahmed_Ibrahim Hassan,Aston Villa,3,55,7.2484210526315795,13.380000000000003
328,Malang_Sarr,Chelsea,2,50,-1.279999999999999,-1.279999999999999
329,Manuel_Lanzini,West Ham,3,60,3.56421052631579,7.880000000000001
330,Marc_Albrighton,Leicester,3,55,9.563157894736845,11.8
331,Marc_Guéhi,Crystal Palace,2,45,-1.8599999999999988,-1.8599999999999988
332,Marc_Navarro,Watford,2,40,0.4600000000000011,0.4600000000000011
333,Marco_Stiepermann,Norwich,3,50,-3.0199999999999987,-3.0199999999999987
334,Marcos_Alonso,Chelsea,2,55,6.2200000000000015,20.720000000000002
335,Marcus_Forss,Brentford,4,55,0.4600000000000013,0.4600000000000013
336,Marcus_Rashford,Man Utd,3,95,22.774736842105263,23.380000000000003
337,Mark_Gillespie,Newcastle,1,40,-0.6999999999999986,-0.6999999999999986
338,Mark_Noble,West Ham,3,45,3.432631578947369,6.380000000000001
339,Martin_Dubravka,Newcastle,1,45,5.615789473684211,17.800000000000004
340,Martin_Kelly,Crystal Palace,2,40,-1.7284210526315777,3.1400000000000015
341,Marvelous_Nakamba,Aston Villa,3,45,3.432631578947369,10.38
342,Mason_Greenwood,Man Utd,3,75,13.82736842105263,16.88
343,Mason_Holgate,Everton,2,45,10.986315789473684,14.959999999999999
344,Mason_Mount,Chelsea,3,75,18.062105263157896,19.22
345,Matej_Vydra,Burnley,4,55,7.457894736842107,10.300000000000002
346,Mateo_Kovacic,Chelsea,3,50,5.825263157894739,8.720000000000002
347,Mateusz_Klich,Leeds,3,55,11.746315789473684,12.72
348,Mathew_Ryan,Brighton,1,45,4.7484210526315795,12.88
349,Mathias_Jensen,Brentford,3,50,0.4600000000000013,0.4600000000000013
350,Matt_Doherty,Spurs,2,50,5.48421052631579,13.3
351,Matt_Ritchie,Newcastle,2,50,6.142105263157896,13.799999999999999
352,Matt_Targett,Aston Villa,2,50,18.03789473684211,17.880000000000003
353,Matthew_Cash,Aston Villa,2,50,11.590526315789475,15.880000000000003
354,Matthew_Longstaff,Newcastle,3,45,0.6157894736842118,9.3
355,Matthew_Lowton,Burnley,2,45,12.852631578947369,14.3
356,Matthew_Pollock,Watford,2,40,0.4600000000000011,0.4600000000000011
357,Mattéo_Guendouzi,Arsenal,3,45,-0.6999999999999991,-0.6999999999999991
358,Max_Aarons,Norwich,2,45,-3.0199999999999987,-3.0199999999999987
359,Max_Kilman,Wolves,2,45,7.511578947368423,15.880000000000003
360,Mbwana Ally_Samatta,Aston Villa,4,55,-0.119999999999999,-0.119999999999999
361,Michael_Keane,Everton,2,50,17.170526315789473,18.46
362,Michael_McGovern,Norwich,1,40,-3.0199999999999987,-3.0199999999999987
363,Michael_Obafemi,Southampton,4,45,-1.3336842105263147,3.1400000000000015
364,Michael_Olise,Crystal Palace,3,55,-1.8599999999999988,-1.8599999999999988
365,Michail_Antonio,West Ham,4,75,15.406315789473684,22.380000000000003
366,Michy_Batshuayi,Chelsea,4,55,4.114736842105264,10.22
367,Miguel_Almirón,Newcastle,3,55,12.063157894736845,13.799999999999999
368,Milot_Rashica,Norwich,3,55,-3.0199999999999987,-3.0199999999999987
369,Mohamed Naser_El Sayed Elneny,Arsenal,3,45,5.878947368421055,10.300000000000002
370,Mohamed_Elyounoussi,Southampton,3,55,-1.8599999999999988,-1.8599999999999988
371,Mohamed_Salah,Liverpool,3,125,30.85473684210526,31.46
372,Mohammed_Salisu,Southampton,2,45,-0.017894736842104075,4.1400000000000015
373,Morgan_Gibbs-White,Wolves,3,45,2.7747368421052645,9.880000000000003
374,Morgan_Sanson,Aston Villa,3,50,1.1957894736842114,5.380000000000003
375,Moussa_Djenepo,Southampton,3,55,4.19263157894737,6.6400000000000015
376,Moussa_Sissoko,Spurs,3,45,5.089473684210528,8.3
377,N'Golo_Kanté,Chelsea,3,50,6.877894736842106,9.22
378,Naby_Keita,Liverpool,3,50,2.433684210526317,7.960000000000001
379,Nampalys_Mendy,Leicester,3,45,4.694736842105264,8.3
380,Nathan_Aké,Man City,2,50,3.695789473684212,14.379999999999999
381,Nathan_Collins,Burnley,2,45,-0.6999999999999986,-0.6999999999999986
382,Nathan_Ferguson,Crystal Palace,2,45,-1.8599999999999988,-1.8599999999999988
383,Nathan_Redmond,Southampton,3,60,6.955789473684211,9.64
384,Nathan_Tella,Southampton,3,50,2.876842105263159,8.14
385,Nathaniel_Chalobah,Watford,3,50,0.4600000000000011,0.4600000000000011
386,Nathaniel_Clyne,Crystal Palace,2,45,1.8242105263157908,9.140000000000002
387,Nathaniel_Phillips,Liverpool,2,45,9.407368421052633,20.46
388,Neal_Maupay,Brighton,4,65,13.69578947368421,15.880000000000003
389,Neco_Williams,Liverpool,2,40,1.9073684210526327,9.46
390,Nemanja_Matic,Man Utd,3,45,4.616842105263159,8.88
391,Nick_Pope,Burnley,1,55,18.24736842105263,21.8
392,Nicolas_Pépé,Arsenal,3,75,14.3,18.799999999999997
393,Nuno_Varela Tavares,Arsenal,2,45,-0.6999999999999991,-0.6999999999999991
394,Nélson_Cabral Semedo,Wolves,2,50,14.222105263157896,15.880000000000003
395,Oghenekaro Peter_Etebo,Watford,3,45,0.4600000000000011,0.4600000000000011
396,Oleksandr_Zinchenko,Man City,2,55,8.958947368421054,17.380000000000003
397,Oliver_Skipp,Spurs,3,45,-0.6999999999999988,-0.6999999999999988
398,Olivier_Giroud,Chelsea,4,65,4.904210526315792,12.72
399,Ollie_Watkins,Aston Villa,4,75,21.985263157894742,22.380000000000003
400,Onel_Hernández,Norwich,3,50,-3.0199999999999987,-3.0199999999999987
401,Oriol_Romeu Vidal,Southampton,3,45,4.982105263157896,10.64
402,Owen_Otasowie,Wolves,3,45,1.0642105263157906,7.380000000000002
403,Pablo_Fornals,West Ham,3,60,16.32736842105263,18.880000000000003
404,Pablo_Hernández Domínguez,Leeds,3,55,2.40421052631579,7.720000000000001
405,Pablo_Marí,Arsenal,2,45,3.7736842105263166,16.299999999999997
406,Pascal_Groß,Brighton,3,60,15.143157894736843,16.88
407,Pascal_Struijk,Leeds,2,45,8.062105263157896,11.720000000000002
408,Patrick_Bamford,Leeds,4,80,24.246315789473687,24.22
409,Patrick_Cutrone,Wolves,4,50,0.14315789473684326,4.880000000000002
410,Patrik_Gunnarsson,Brentford,1,40,0.4600000000000013,0.4600000000000013
411,Patson_Daka,Leicester,4,75,-0.6999999999999988,-0.6999999999999988
412,Paul_Dummett,Newcastle,2,45,4.563157894736843,12.800000000000002
413,Paul_Pogba,Man Utd,3,75,11.985263157894737,17.380000000000003
414,Pedro_Lomba Neto,Wolves,3,65,16.19578947368421,19.880000000000003
415,Pelenda Joshua_Dasilva,Brentford,3,55,0.4600000000000013,0.4600000000000013
416,Phil_Bardsley,Burnley,2,40,-0.4368421052631566,1.8000000000000014
417,Phil_Foden,Man City,3,80,17.643157894736845,23.880000000000003
418,Philip_Zinckernagel,Watford,3,55,0.4600000000000011,0.4600000000000011
419,Pierluigi_Gollini,Spurs,1,45,-0.6999999999999988,-0.6999999999999988
420,Pierre-Emerick_Aubameyang,Arsenal,4,100,16.536842105263155,21.800000000000004
421,Pierre-Emile_Højbjerg,Spurs,3,50,13.378947368421052,13.3
422,Pierre_Lees-Melou,Norwich,3,50,-3.0199999999999987,-3.0199999999999987
423,Pontus_Jansson,Brentford,2,45,0.4600000000000013,0.4600000000000013
424,Przemyslaw_Placheta,Norwich,3,50,-3.0199999999999987,-3.0199999999999987
425,Raheem_Sterling,Man City,3,110,20.14315789473684,24.880000000000003
426,Raphael_Dias Belloli,Leeds,3,65,16.220000000000002,20.720000000000002
427,Rayan_Ait Nouri,Wolves,2,45,6.985263157894738,12.879999999999999
428,Raúl_Jiménez,Wolves,4,75,5.537894736842106,21.380000000000003
429,Reece_James,Chelsea,2,55,13.456842105263156,16.220000000000002
430,Rhys_Williams,Liverpool,2,45,4.14421052631579,15.96
431,Ricardo Domingos_Barbosa Pereira,Leicester,2,55,2.852631578947369,8.3
432,Richarlison_de Andrade,Everton,4,75,16.64421052631579,18.46
433,Rico_Henry,Brentford,2,45,0.4600000000000013,0.4600000000000013
434,Riyad_Mahrez,Man City,3,90,18.958947368421054,26.880000000000003
435,Rob_Holding,Arsenal,2,45,13.11578947368421,16.800000000000004
436,Robert_Sánchez,Brighton,1,45,13.169473684210528,18.380000000000003
437,Roberto_Firmino,Liverpool,4,90,19.01263157894737,19.96
438,Robin_Koch,Leeds,2,45,3.7200000000000015,9.720000000000002
439,Rodrigo_Hernandez,Man City,3,55,11.853684210526316,13.380000000000003
440,Rodrigo_Moreno,Leeds,4,65,10.430526315789475,15.719999999999999
441,Romain_Perraud,Southampton,2,50,-1.8599999999999988,-1.8599999999999988
442,Romain_Saïss,Wolves,2,50,12.906315789473684,18.380000000000003
443,Ross_Barkley,Chelsea,3,55,8.720000000000002,13.219999999999999
444,Ruben_Loftus-Cheek,Chelsea,3,55,7.40421052631579,9.22
445,Rui Pedro_dos Santos Patrício,Wolves,1,50,17.24842105263158,17.88
446,Ryan_Bertrand,Leicester,2,50,9.563157894736845,12.800000000000002
447,Ryan_Fraser,Newcastle,3,55,4.431578947368423,10.300000000000002
448,Ryan_Fredericks,West Ham,2,45,3.56421052631579,9.880000000000003
449,Ryan_Sessegnon,Spurs,2,45,-0.6999999999999988,-0.6999999999999988
450,Rúben Diogo_da Silva Neves,Wolves,3,55,13.56421052631579,14.38
451,Rúben Santos_Gato Alves Dias,Man City,2,60,18.56421052631579,21.880000000000003
452,Rúnar Alex_Rúnarsson,Arsenal,1,40,-0.5684210526315782,4.300000000000001
453,Sadio_Mané,Liverpool,3,120,23.617894736842107,25.46
454,Sam_Byram,Norwich,2,45,-3.0199999999999987,-3.0199999999999987
455,Saman_Ghoddos,Brentford,3,55,0.4600000000000013,0.4600000000000013
456,Samuel_Edozie,Man City,3,50,-0.11999999999999877,-0.11999999999999877
457,Saïd_Benrahma,West Ham,3,60,9.485263157894737,11.879999999999999
458,Scott_McTominay,Man Utd,3,55,11.853684210526316,13.88
459,Sead_Kolasinac,Arsenal,2,45,-0.6999999999999991,-0.6999999999999991
460,Seamus_Coleman,Everton,2,50,11.117894736842107,16.46
461,Sean_Longstaff,Newcastle,3,45,4.694736842105264,8.8
462,Serge_Aurier,Spurs,2,50,9.826315789473686,20.3
463,Sergi_Canós,Brentford,3,55,0.4600000000000013,0.4600000000000013
464,Sergio_Reguilón,Spurs,2,50,11.010526315789475,15.8
465,Shandon_Baptiste,Brentford,3,50,0.4600000000000013,0.4600000000000013
466,Shane_Duffy,Brighton,2,40,-0.119999999999999,-0.119999999999999
467,Shane_Long,Southampton,4,55,-0.2810526315789462,3.6400000000000015
468,Solomon_March,Brighton,3,55,8.958947368421054,16.380000000000003
469,Steven_Alzate,Brighton,3,50,4.485263157894737,11.38
470,Steven_Bergwijn,Spurs,3,60,6.536842105263159,12.300000000000002
471,Stipe_Perica,Watford,4,45,0.4600000000000011,0.4600000000000011
472,Stuart_Armstrong,Southampton,3,60,13.271578947368422,15.64
473,Stuart_Dallas,Leeds,3,55,21.220000000000002,21.220000000000002
474,Takumi_Minamino,Liverpool,3,55,6.7757894736842115,12.96
475,Tammy_Abraham,Chelsea,4,65,7.798947368421055,14.22
476,Tanguy_Ndombele,Spurs,3,60,12.326315789473686,14.300000000000004
477,Tariq_Lamptey,Brighton,2,45,4.485263157894737,15.880000000000003
478,Tariqe_Fosu-Henry,Brentford,3,55,0.4600000000000013,0.4600000000000013
479,Teemu_Pukki,Norwich,4,60,-3.0199999999999987,-3.0199999999999987
480,Theo_Walcott,Southampton,3,60,8.14,15.64
481,Thiago_Alcántara do Nascimento,Liverpool,3,55,7.69684210526316,11.96
482,Thiago_Emiliano da Silva,Chelsea,2,55,10.825263157894737,18.720000000000002
483,Thomas_Partey,Arsenal,3,50,5.484210526315791,9.3
484,Tim_Krul,Norwich,1,45,-3.0199999999999987,-3.0199999999999987
485,Timo_Werner,Chelsea,4,90,15.562105263157896,17.220000000000002
486,Timothy_Castagne,Leicester,2,55,11.668421052631581,16.8
487,Tino_Livramento,Southampton,2,40,-1.8599999999999988,-1.8599999999999988
488,Toby_Alderweireld,Spurs,2,50,10.878947368421056,16.800000000000004
489,Todd_Cantwell,Norwich,3,55,-3.0199999999999987,-3.0199999999999987
490,Tom_Cleverley,Watford,3,50,0.4600000000000011,0.4600000000000011
491,Tom_Davies,Everton,3,50,6.644210526315792,9.959999999999999
492,Tom_Heaton,Man Utd,1,40,-0.11999999999999877,-0.11999999999999877
493,Tomas_Soucek,West Ham,3,60,19.222105263157896,19.38
494,Trent_Alexander-Arnold,Liverpool,2,75,21.512631578947367,22.460000000000004
495,Troy_Deeney,Watford,4,55,0.4600000000000011,0.4600000000000011
496,Tyler_Roberts,Leeds,3,50,5.1673684210526325,7.720000000000001
497,Tyrick_Mitchell,Crystal Palace,2,45,5.771578947368422,13.640000000000002
498,Tyrone_Mings,Aston Villa,2,50,16.722105263157896,17.880000000000003
499,Vicente_Guaita,Crystal Palace,1,45,14.45578947368421,15.139999999999999
500,Victor_Lindelöf,Man Utd,2,50,13.301052631578948,17.380000000000003
501,Virgil_van Dijk,Liverpool,2,65,2.433684210526317,15.46
502,Vitaly_Janelt,Brentford,3,50,0.4600000000000013,0.4600000000000013
503,Vladimir_Coufal,West Ham,2,50,16.722105263157896,18.880000000000003
504,Wayne_Hennessey,Burnley,1,45,-0.6999999999999986,-0.6999999999999986
505,Wesley_Fofana,Leicester,2,45,8.642105263157896,11.8
506,Wesley_Moraes,Aston Villa,4,55,0.2747368421052643,4.880000000000001
507,Wilfred_Ndidi,Leicester,3,50,9.694736842105263,14.3
508,Wilfried_Zaha,Crystal Palace,3,70,16.034736842105264,20.64
509,Will_Hughes,Watford,3,50,0.4600000000000011,0.4600000000000011
510,Will_Norris,Burnley,1,45,-0.30526315789473546,6.800000000000002
511,William_Saliba,Arsenal,2,45,-0.6999999999999991,-0.6999999999999991
512,William_Smallbone,Southampton,3,45,-1.2021052631578937,6.6400000000000015
513,William_Troost-Ekong,Watford,2,45,0.4600000000000011,0.4600000000000011
514,Willian_Borges Da Silva,Arsenal,3,65,9.563157894736843,14.8
515,Willy_Boly,Wolves,2,50,8.827368421052633,15.880000000000003
516,Winston_Reid,West Ham,2,40,-0.119999999999999,-0.119999999999999
517,Xherdan_Shaqiri,Liverpool,3,60,3.8810526315789486,9.959999999999999
518,Yerry_Mina,Everton,2,50,10.854736842105263,16.96
519,Yerson_Mosquera Valdelamar,Wolves,2,45,-0.11999999999999877,-0.11999999999999877
520,Yoane_Wissa,Brentford,3,60,0.4600000000000013,0.4600000000000013
521,Youri_Tielemans,Leicester,3,65,16.8,16.8
522,Yves_Bissouma,Brighton,3,45,10.011578947368422,10.38
523,Zack_Steffen,Man City,1,45,0.14315789473684326,9.880000000000003
524,Çaglar_Söyüncü,Leicester,2,50,7.063157894736842,12.3
